{
    "similarity": 0.8917762041091919,
    "loss": 0.003907202277332544,
    "similarity_progress": 0.02025594934821129
}