{
    "similarity": 0.8915017247200012,
    "loss": 0.003869875567033887,
    "similarity_progress": 0.01963224448263645
}