{
    "similarity": 0.8912146091461182,
    "loss": 0.00392690347507596,
    "similarity_progress": 0.019694441929459572
}