{
    "similarity": 0.8962979316711426,
    "loss": 0.0037824767641723156,
    "similarity_progress": 0.03874337673187256
}