{
    "similarity": 0.8956213593482971,
    "loss": 0.0037324365694075823,
    "similarity_progress": 0.03745166212320328
}