{
    "similarity": 0.9170980453491211,
    "loss": 0.005691289436072111,
    "similarity_progress": 0.005145440809428692
}