{
    "similarity": 0.9183109998703003,
    "loss": 0.005837942939251661,
    "similarity_progress": 0.006358363665640354
}