{
    "similarity": 0.9183412194252014,
    "loss": 0.005743285175412893,
    "similarity_progress": 0.006388625595718622
}