{
    "similarity": 0.0,
    "loss": 0.03551288694143295,
    "similarity_progress": -0.911952555179596
}