{
    "similarity": 0.8967050313949585,
    "loss": 0.0037154669407755136,
    "similarity_progress": 0.038577280938625336
}