{
    "similarity": 0.8975615501403809,
    "loss": 0.0037584532983601093,
    "similarity_progress": 0.039983347058296204
}