{
    "similarity": 0.8152110576629639,
    "loss": 0.012797880917787552,
    "similarity_progress": -0.09674157202243805
}