{
    "similarity": 0.9180139899253845,
    "loss": 0.005615936126559973,
    "similarity_progress": 0.0060614049434661865
}