{
    "similarity": 0.9180400371551514,
    "loss": 0.005619519855827093,
    "similarity_progress": 0.006087500136345625
}