{
    "similarity": 0.8896962404251099,
    "loss": 0.003929121885448694,
    "similarity_progress": 0.017822477966547012
}