{
    "similarity": 0.8900901675224304,
    "loss": 0.003965307027101517,
    "similarity_progress": 0.018525954335927963
}