{
    "similarity": 0.890147864818573,
    "loss": 0.003961702808737755,
    "similarity_progress": 0.018583646044135094
}