{
    "similarity": 0.8948545455932617,
    "loss": 0.007098331116139889,
    "similarity_progress": -0.017098091542720795
}