{
    "similarity": 0.9173986911773682,
    "loss": 0.006358666345477104,
    "similarity_progress": 0.005445986520498991
}