{
    "similarity": 0.9179158806800842,
    "loss": 0.005661343690007925,
    "similarity_progress": 0.00596320116892457
}