{
    "similarity": 0.8979969620704651,
    "loss": 0.0038638273254036903,
    "similarity_progress": 0.04044223949313164
}